<vm version="2.0"><group id="5fbeb3d93127442dedeb9c40ad9b3f24"><entry><agency>S4</agency><schema>REC_MESTYP</schema><value>SOLR_T_SNQ_W_OAA_ATP_RESULT</value></entry><entry><agency>Receiver</agency><schema>ProcessDirect</schema><value>S4/SOLR/W_OAA_ATP_RESULT</value></entry></group><group id="4bbf7e01f9e210fce9500761a09ad3c2"><entry><agency>S4</agency><schema>REC_MESTYP</schema><value>SOLR_T_SNQ_QUOTES</value></entry><entry><agency>Receiver</agency><schema>ProcessDirect</schema><value>S4/ROUTER/QUOTES_ORDERS05</value></entry></group><group id="64b48443d7ccf0835e3c242cb7beee18"><entry><agency>S4</agency><schema>REC_MESTYP</schema><value>PCALC_ZINVOIC02_SDF</value></entry><entry><agency>Receiver</agency><schema>ProcessDirect</schema><value>S4/PCALC/SDFaktura</value></entry></group></vm>